{
    "Routes": [
        {
            "DownStreamPathtemplate": "/api/ms/loanapplications",
            "DownStreamScheme": "http",
            "DownStreamHostAndPorts": [
                {
                    "host": "localhost",
                    "port": 8079
                }
            ],
            "UpstreamPathTemplate": "/api/loanapplications",
            "UpstreamHttpMethod": ["GET","POST","PUT","DELETE"],
            "routeIsCaseSensititve": false,
            "DownStreamHttpVersion": "2.0",
            "DangerousAcceptAnyServerCertificate": false
        },
        {
            "DownStreamPathtemplate": "/api/ms/loanapplications/{id}",
            "DownStreamScheme": "http",
            "DownStreamHostAndPorts": [
                {
                    "host": "localhost",
                    "port": 8079
                }
            ],
            "UpstreamPathTemplate": "/api/loanapplications/{id}",
            "UpstreamHttpMethod": ["GET","POST","PUT","DELETE"],
            "routeIsCaseSensititve": false,
            "DownStreamHttpVersion": "2.0",
            "DangerousAcceptAnyServerCertificate": false
        },
        {
            "DownStreamPathtemplate": "/api/ms/loanapplications/user/{userId}",
            "DownStreamScheme": "http",
            "DownStreamHostAndPorts": [
                {
                    "host": "localhost",
                    "port": 8079
                }
            ],
            "UpstreamPathTemplate": "/api/loanapplications/user/{userId}",
            "UpstreamHttpMethod": ["GET","POST","PUT","DELETE"],
            "routeIsCaseSensititve": false,
            "DownStreamHttpVersion": "2.0",
            "DangerousAcceptAnyServerCertificate": false
        },
        {
            "DownStreamPathtemplate": "/api/ms/loandisbursements",
            "DownStreamScheme": "http",
            "DownStreamHostAndPorts": [
                {
                    "host": "localhost",
                    "port": 8079
                }
            ],
            "UpstreamPathTemplate": "/api/loandisbursements",
            "UpstreamHttpMethod": ["GET","POST","PUT","DELETE"],
            "routeIsCaseSensititve": false,
            "DownStreamHttpVersion": "2.0",
            "DangerousAcceptAnyServerCertificate": false
        },
        {
            "DownStreamPathtemplate": "/api/ms/loandisbursements/{id}",
            "DownStreamScheme": "http",
            "DownStreamHostAndPorts": [
                {
                    "host": "localhost",
                    "port": 8079
                }
            ],
            "UpstreamPathTemplate": "/api/loandisbursements/{id}",
            "UpstreamHttpMethod": ["GET","POST","PUT","DELETE"],
            "routeIsCaseSensititve": false,
            "DownStreamHttpVersion": "2.0",
            "DangerousAcceptAnyServerCertificate": false
        },
        {
            "DownStreamPathtemplate": "/api/ms/register",
            "DownStreamScheme": "http",
            "DownStreamHostAndPorts": [
                {
                    "host": "localhost",
                    "port": 8079
                }
            ],
            "UpstreamPathTemplate": "/api/register",
            "UpstreamHttpMethod": ["GET","POST","PUT","DELETE"],
            "routeIsCaseSensititve": false,
            "DownStreamHttpVersion": "2.0",
            "DangerousAcceptAnyServerCertificate": false
        },
        {
            "DownStreamPathtemplate": "/api/ms/login",
            "DownStreamScheme": "http",
            "DownStreamHostAndPorts": [
                {
                    "host": "localhost",
                    "port": 8079
                }
            ],
            "UpstreamPathTemplate": "/api/login",
            "UpstreamHttpMethod": ["GET","POST","PUT","DELETE"],
            "routeIsCaseSensititve": false,
            "DownStreamHttpVersion": "2.0",
            "DangerousAcceptAnyServerCertificate": false
        },

        {
            "DownStreamPathtemplate": "/api/ms/feedback",
            "DownStreamScheme": "http",
            "DownStreamHostAndPorts": [
                {
                    "host": "localhost",
                    "port": 8078
                }
            ],
            "UpstreamPathTemplate": "/api/feedback",
            "UpstreamHttpMethod": ["GET","POST","PUT","DELETE"],
            "routeIsCaseSensititve": false,
            "DownStreamHttpVersion": "2.0",
            "DangerousAcceptAnyServerCertificate": false
        }, {
            "DownStreamPathtemplate": "/api/ms/feedback/{feedbackId}",
            "DownStreamScheme": "http",
            "DownStreamHostAndPorts": [
                {
                    "host": "localhost",
                    "port": 8078
                }
            ],
            "UpstreamPathTemplate": "/api/feedback/{feedbackId}",
            "UpstreamHttpMethod": ["GET","POST","PUT","DELETE"],
            "routeIsCaseSensititve": false,
            "DownStreamHttpVersion": "2.0",
            "DangerousAcceptAnyServerCertificate": false
        },
        {
            "DownStreamPathtemplate": "/api/ms/feedback/user/{userId}",
            "DownStreamScheme": "http",
            "DownStreamHostAndPorts": [
                {
                    "host": "localhost",
                    "port": 8078
                }
            ],
            "UpstreamPathTemplate": "/api/feedback/user/{userId}",
            "UpstreamHttpMethod": ["GET","POST","PUT","DELETE"],
            "routeIsCaseSensititve": false,
            "DownStreamHttpVersion": "2.0",
            "DangerousAcceptAnyServerCertificate": false
        },
        {
            "DownStreamPathtemplate": "/api/ms/notifications",
            "DownStreamScheme": "http",
            "DownStreamHostAndPorts": [
                {
                    "host": "localhost",
                    "port": 8077
                }
            ],
            "UpstreamPathTemplate": "/api/notifications",
            "UpstreamHttpMethod": ["GET","POST","PUT","DELETE"],
            "routeIsCaseSensititve": false,
            "DownStreamHttpVersion": "2.0",
            "DangerousAcceptAnyServerCertificate": false
        },
        {
            "DownStreamPathtemplate": "/api/ms/notifications/{notificationId}",
            "DownStreamScheme": "http",
            "DownStreamHostAndPorts": [
                {
                    "host": "localhost",
                    "port": 8077
                }
            ],
            "UpstreamPathTemplate": "/api/notifications{notificationId}",
            "UpstreamHttpMethod": ["GET","POST","PUT","DELETE"],
            "routeIsCaseSensititve": false,
            "DownStreamHttpVersion": "2.0",
            "DangerousAcceptAnyServerCertificate": false
        },
        {
            "DownStreamPathtemplate": "/api/ms/loans",
            "DownStreamScheme": "http",
            "DownStreamHostAndPorts": [
                {
                    "host": "localhost",
                    "port": 8076
                }
            ],
            "UpstreamPathTemplate": "/api/loans",
            "UpstreamHttpMethod": ["GET","POST","PUT","DELETE"],
            "routeIsCaseSensititve": false,
            "DownStreamHttpVersion": "2.0",
            "DangerousAcceptAnyServerCertificate": false
        },
        
        {
            "DownStreamPathtemplate": "/api/ms/loans/{id}",
            "DownStreamScheme": "http",
            "DownStreamHostAndPorts": [
                {
                    "host": "localhost",
                    "port": 8076
                }
            ],
            "UpstreamPathTemplate": "/api/loans/{id}",
            "UpstreamHttpMethod": ["GET","POST","PUT","DELETE"],
            "routeIsCaseSensititve": false,
            "DownStreamHttpVersion": "2.0",
            "DangerousAcceptAnyServerCertificate": false
        }
        
    ]
}